Daily commit triggered at Mon Oct 27 14:24:09 UTC 2025
Daily commit triggered at Tue Oct 28 03:15:45 UTC 2025
Daily commit triggered at Wed Oct 29 03:22:06 UTC 2025
Daily commit triggered at Thu Oct 30 03:18:06 UTC 2025
Daily commit triggered at Fri Oct 31 03:18:29 UTC 2025
Daily commit triggered at Sat Nov  1 03:18:04 UTC 2025
Daily commit triggered at Sun Nov  2 03:21:22 UTC 2025
Daily commit triggered at Mon Nov  3 03:33:07 UTC 2025
Daily commit triggered at Tue Nov  4 03:17:20 UTC 2025
Daily commit triggered at Wed Nov  5 03:18:38 UTC 2025
Daily commit triggered at Thu Nov  6 03:21:10 UTC 2025
Daily commit triggered at Fri Nov  7 03:18:23 UTC 2025
